date,open,high,low,close,volume
2013-08-01,50.2378,50.3776,49.3755,49.391,2322571
2013-08-02,49.3792,50.2127,49.3792,49.8274,2131685
2013-08-05,49.9061,50.4329,49.7409,49.8038,1344392
2013-08-06,49.8196,50.7474,49.6151,49.7331,1935511
2013-08-07,49.6545,49.8432,49.2534,49.3321,1716365
2013-08-08,49.3399,49.4579,48.9814,49.3871,1724522
2013-08-09,49.4028,50.5022,49.3714,50.1184,2286656
2013-08-12,50.1734,50.252,49.3635,49.6466,1626426
2013-08-13,49.678,49.6859,48.5615,48.7974,2143627
2013-08-14,48.593,48.7817,48.0976,48.1212,1857297
2013-08-15,47.7673,47.7988,46.7923,47.0911,2200189
2013-08-16,46.9889,47.0597,45.8802,46.0532,3624494
2013-08-19,45.896,46.3442,45.7308,45.8567,2708256
2013-08-20,45.9431,47.3427,45.9431,47.1855,3802713
2013-08-21,47.1619,48.6165,46.6665,47.7359,3024859
2013-08-22,47.7359,47.8853,47.268,47.7831,2014120
2013-08-23,47.8381,48.4357,47.7044,48.3256,1936289
2013-08-26,48.3256,48.3571,47.8932,48.019,1301037
2013-08-27,47.6809,48.5143,47.5708,48.3649,1399520
2013-08-28,48.1998,48.7581,47.9325,48.5065,1979997
2013-08-29,48.3256,48.3256,47.7359,48.1841,1628523
2013-08-30,48.1762,48.6401,48.1212,48.3099,2021195
2013-09-03,48.593,48.593,47.4568,47.8381,1722193
2013-09-04,47.901,48.3571,47.7516,48.1212,1246609
2013-09-05,48.129,48.1605,47.0833,47.1934,1268486
2013-09-06,47.4843,48.3413,47.4528,47.8302,1720828
2013-09-09,47.8538,48.9232,47.6887,48.8603,1670872
2013-09-10,49.0176,49.0962,48.0583,48.3099,1661078
2013-09-11,48.3649,48.5816,48.1762,48.5694,1267114
2013-09-12,48.5694,48.8682,48.1172,48.1919,1289884
2013-09-13,48.2784,48.6008,48.1684,48.5615,922426
2013-09-16,49.1827,49.796,49.1198,49.3871,2000498
2013-09-17,49.3321,49.7724,49.1434,49.395,1291043
2013-09-18,49.3792,51.6202,48.6716,51.573,2483561
2013-09-19,51.5337,51.9583,51.3214,51.4157,2127469
2013-09-20,51.5337,51.5337,50.1105,50.1105,2591136
2013-09-23,49.9926,50.543,49.4736,49.4736,1796756
2013-09-24,49.4815,50.0869,49.3006,49.5915,1854743
2013-09-25,49.7174,50.3464,49.5522,49.8668,1611449
2013-09-26,49.9847,50.1105,49.6938,50.1026,1022501
2013-09-27,50.024,50.2363,49.2377,49.678,1264733
2013-09-30,49.4422,49.8864,48.7502,49.049,1483206
2013-10-01,49.049,50.2914,48.8053,49.9375,1631073
2013-10-02,49.568,49.8432,48.8917,49.3635,2246205
2013-10-03,49.3635,49.3635,48.2313,48.42,2242311
2013-10-04,48.4436,48.876,48.1841,48.6323,2542319
2013-10-07,48.2942,49.1276,48.2391,48.7817,1287494
2013-10-08,48.7817,49.1434,48.4121,48.4514,1605055
2013-10-09,48.5615,48.7974,48.1959,48.2942,1338739
2013-10-10,48.6559,49.6309,48.6008,49.6073,1278353
2013-10-11,49.5286,50.0633,49.3163,50.0555,993149
2013-10-14,49.6466,49.9532,49.2534,49.8353,1067410
2013-10-15,49.6623,50.2363,49.4972,49.7095,1448029
2013-10-16,49.8903,50.8182,49.8235,50.7553,1215072
2013-10-17,50.7081,51.3922,50.543,51.3214,1964414
2013-10-18,51.573,51.5887,50.8418,50.9911,1655801
2013-10-21,50.9754,51.1327,50.3149,50.6766,1821307
2013-10-22,50.6766,51.7774,50.6295,51.1956,1789499
2013-10-23,51.1091,51.4315,50.771,51.3371,1703125
2013-10-24,51.3528,51.5966,50.9518,51.5651,1164068
2013-10-25,51.5573,52.493,51.4472,52.2649,1666839
2013-10-28,52.2571,52.493,51.117,51.7539,1322432
2013-10-29,51.8168,51.9897,50.9951,51.3371,1561422
2013-10-30,51.227,51.4629,50.7435,50.8103,2059098
2013-10-31,50.9204,51.3686,50.7623,50.9911,1599021
2013-11-01,51.0305,51.4236,50.598,51.1012,1552149
2013-11-04,51.1012,51.2113,50.6043,51.1956,1408635
2013-11-05,50.8811,50.9125,49.3006,49.4186,2310875
2013-11-06,49.5365,49.9768,49.4186,49.7488,1411071
2013-11-07,49.912,50.0075,48.8454,48.8932,1526318
2013-11-08,48.551,48.551,47.3571,48.0814,2373307
2013-11-11,48.0814,48.4236,47.6914,47.8187,1692912
2013-11-12,47.755,47.9063,47.2297,47.4685,1683871
2013-11-13,47.4207,47.7471,47.1661,47.7471,2491038
2013-11-14,47.763,48.543,47.7391,48.2007,1467403
2013-11-15,48.1212,48.4793,47.9063,48.161,1469875
2013-11-18,48.1052,48.3361,47.7948,47.8346,1278712
2013-11-19,47.763,47.8267,47.2297,47.3093,1505593
2013-11-20,47.3491,47.5899,46.2905,46.5452,1703398
2013-11-21,46.5612,46.8556,46.4258,46.7442,1561298
2013-11-22,46.6726,46.7999,45.813,45.9722,2048768
2013-11-25,45.9244,46.0677,45.2479,45.6299,2293182
2013-11-26,45.5424,45.7016,44.4918,44.7146,2854856
2013-11-27,44.8101,45.2638,44.643,45.1842,1508170
2013-11-29,44.5952,45.5026,44.4942,44.5634,1251091
2013-12-02,44.6987,44.7624,43.9903,44.3724,1923696
2013-12-03,44.3644,44.452,44.0142,44.0461,1558260
2013-12-04,43.7834,44.2132,43.3854,43.863,2301587
2013-12-05,43.863,44.1575,43.4969,43.9187,2137132
2013-12-06,44.1495,44.2371,43.7516,43.9028,1432996
2013-12-09,43.8948,44.1615,43.6561,44.0779,1919669
2013-12-10,44.1336,44.452,44.0938,44.1893,1663119
2013-12-11,44.2132,44.2848,43.1387,43.1546,2195773
2013-12-12,43.1546,43.2422,42.4303,42.693,2400922
2013-12-13,42.6691,43.2979,42.6612,42.9079,1790325
2013-12-16,42.9795,43.1467,42.6452,42.7248,2034527
2013-12-17,42.8203,42.9636,42.7328,42.8442,2062070
2013-12-18,42.8601,43.5765,42.2274,43.5048,3257696
2013-12-19,43.1865,43.1865,41.726,41.8493,3332650
2013-12-20,42.0324,42.4383,41.921,42.2712,3759566
2013-12-23,42.5657,42.6277,42.104,42.1518,2116779
2013-12-24,42.1836,42.4463,41.9926,42.2552,787482
2013-12-26,42.2552,42.5577,42.0403,42.2234,1467790
2013-12-27,42.3587,42.3746,42.0722,42.3428,1540742
2013-12-30,42.3428,42.6194,42.1836,42.5338,1468442
2013-12-31,42.4701,42.7646,42.2712,42.6373,2408333
2014-01-02,42.303,42.7292,42.2473,42.6134,2575096
2014-01-03,42.4065,42.4861,42.104,42.2234,2160612
2014-01-06,42.4144,43.6163,42.295,43.2103,3218419
2014-01-07,43.3138,43.4889,42.8601,43.1865,2185730
2014-01-08,43.1307,43.2342,42.7408,42.8999,1648100
2014-01-09,43.0352,43.1546,42.5816,42.9954,1558330
2014-01-10,43.2223,44.1814,43.2203,44.1575,2889499
2014-01-13,44.062,44.6987,43.9187,44.5316,4426342
2014-01-14,44.5077,44.5316,43.7436,43.8869,3374367
2014-01-15,43.9824,44.4639,43.9744,44.2132,2596245
2014-01-16,44.4122,44.7067,44.2928,44.6191,2183410
2014-01-17,44.7305,44.7624,44.2132,44.245,2001272
2014-01-21,44.5395,44.9454,44.4679,44.9216,2055012
2014-01-22,44.9136,45.2001,44.8022,45.0012,1541555
2014-01-23,45.0489,45.0648,44.5316,44.5952,2188647
2014-01-24,44.5793,44.7385,44.3087,44.5077,2934416
2014-01-27,44.5236,45.0807,44.5077,44.7703,2531846
2014-01-28,44.8977,45.4469,44.8261,45.2001,1828519
2014-01-29,44.9773,45.1763,44.7266,45.1205,2141253
2014-01-30,45.3036,45.7891,45.2081,45.4071,1775302
2014-01-31,45.2081,46.2507,44.9136,46.0995,2915002
2014-02-03,46.0199,46.0836,45.6139,45.7573,2274493
2014-02-04,45.7254,45.9961,45.4946,45.8687,2312362
2014-02-05,45.7812,45.9483,44.9693,45.2956,2106393
2014-02-06,45.2028,45.6384,45.0979,45.4288,2066628
2014-02-07,45.5418,45.9777,45.3723,45.9212,1642252
2014-02-10,45.8163,46.2037,45.5338,46.0826,1761147
2014-02-11,46.123,46.4943,45.8486,46.123,1703878
2014-02-12,46.0907,46.236,45.7033,45.8728,1258078
2014-02-13,45.7517,46.349,45.6468,46.0019,1458826
2014-02-14,46.014,46.2118,45.671,45.897,1504702
2014-02-18,45.8566,46.0584,45.449,45.9777,1476972
2014-02-19,45.9696,46.7849,45.8486,46.2764,1905611
2014-02-20,46.3409,46.7768,45.453,45.671,1846557
2014-02-21,45.5903,45.9939,45.2109,45.8324,2522231
2014-02-24,45.8405,47.2369,45.8405,46.8414,1972630
2014-02-25,46.8737,46.9221,46.3571,46.5427,1579459
2014-02-26,46.68,46.8414,46.3329,46.7445,1310041
2014-02-27,46.8091,47.1401,46.6315,46.9221,1038144
2014-02-28,46.9625,47.689,46.8737,47.4145,2273845
2014-03-03,47.1966,47.5598,46.9547,47.5114,1459250
2014-03-04,47.8262,48.2782,47.7374,48.1168,1509322
2014-03-05,48.0683,48.3751,47.8421,48.3266,1225477
2014-03-06,48.3186,48.3266,47.5759,47.6647,1582973
2014-03-07,47.5679,47.6002,46.4539,47.0513,2009588
2014-03-10,47.019,47.1804,46.5589,46.8898,1979652
2014-03-11,46.906,47.6647,46.8495,47.5114,2216249
2014-03-12,47.4791,48.1491,47.4791,47.8746,2332624
2014-03-13,47.9392,47.9392,47.2611,47.3338,1766868
2014-03-14,47.3257,47.9715,47.2692,47.5679,1468786
2014-03-17,47.689,47.7293,47.0997,47.3015,1234947
2014-03-18,47.3661,47.3903,46.9463,47.132,1646222
2014-03-19,47.1804,47.6244,46.0584,46.1553,2013904
2014-03-20,46.0625,46.1069,45.566,46.0504,2027245
2014-03-21,46.6073,47.0351,46.2441,47.0028,3762058
2014-03-24,47.019,47.1804,46.6235,46.793,1394447
2014-03-25,46.9786,47.2692,46.688,47.1643,1096465
2014-03-26,47.3419,47.4791,46.8575,46.8818,1228393
2014-03-27,46.8656,47.4629,46.6719,47.4468,1083141
2014-03-28,47.4791,47.9553,47.4305,47.7293,1033969
2014-03-31,47.8665,48.2944,47.4549,48.1087,1534757
2014-04-01,48.1571,48.1975,47.5517,48.0118,1754800
2014-04-02,47.9957,48.4961,47.8746,48.3266,1369949
2014-04-03,48.4074,48.5042,47.7374,48.0199,1375547
2014-04-04,48.2056,48.8836,47.9795,48.7867,1501496
2014-04-07,48.706,49.9249,48.6979,49.4002,1903403
2014-04-08,49.3195,50.167,49.3195,50.1267,1839233
2014-04-09,50.2397,50.272,49.646,49.9895,1660536
2014-04-10,50.0056,50.4173,49.4729,49.7796,1644017
2014-04-11,49.7634,50.3285,49.6666,49.8603,2215296
2014-04-14,50.0217,50.1186,49.4406,49.7957,2196684
2014-04-15,49.7473,50.7724,49.5616,50.6271,2133126
2014-04-16,50.6836,50.8047,50.2881,50.7159,1569502
2014-04-17,50.5868,50.6433,49.5616,49.9975,1885159
2014-04-21,50.0621,50.3769,49.9168,50.1913,1316699
2014-04-22,50.0782,50.1913,49.4204,49.8764,1493772
2014-04-23,49.9491,50.0056,49.5213,49.828,1630796
2014-04-24,49.8684,50.5141,49.7392,50.3365,1033732
2014-04-25,50.3446,50.4253,50.0779,50.1913,947903
2014-04-28,50.28,51.0469,50.2558,50.9419,1664097
2014-04-29,51.0792,51.1437,50.6836,50.8209,960301
2014-04-30,50.7159,50.9419,50.6029,50.9258,1101210
2014-05-01,50.8693,51.0792,50.3043,51.055,1450092
2014-05-02,50.9016,51.0792,50.5549,50.9339,1292739
2014-05-05,50.8289,51.5191,50.7321,51.289,1270676
2014-05-06,51.0307,51.4666,50.95,51.1437,1432804
2014-05-07,51.1841,51.7572,51.168,51.3617,2125130
2014-05-08,51.5374,52.6327,51.5374,52.5674,2531340
2014-05-09,52.4938,53.2131,52.3957,52.6327,2097246
2014-05-12,52.6164,52.6573,52.1055,52.5674,1719478
2014-05-13,52.5183,53.0026,52.0851,52.314,1405120
2014-05-14,52.3875,52.7227,52.1256,52.2894,1892535
2014-05-15,52.2731,52.8044,52.2077,52.7635,1961741
2014-05-16,52.5919,53.3357,52.4774,53.3275,1678004
2014-05-19,53.1722,53.2458,52.5101,52.6573,1850453
2014-05-20,52.7881,53.3112,52.7063,52.9761,1850184
2014-05-21,52.9761,52.9924,52.1341,52.2894,1058561
2014-05-22,52.2567,52.4774,51.9706,52.0197,1461107
2014-05-23,52.2486,52.739,52.1709,52.7308,1074803
2014-05-27,52.8044,52.9352,52.5183,52.6654,1527439
2014-05-28,51.1451,51.2922,50.7609,50.9652,12135738
2014-05-29,50.9244,51.3821,50.8835,51.2268,3754679
2014-05-30,51.1859,51.8399,51.1205,51.6846,2864307
2014-06-02,51.7009,52.1913,51.7009,51.8807,3387572
2014-06-03,51.8644,52.2159,51.66,52.0687,1628817
2014-06-04,51.8889,52.2567,51.6519,51.9134,1416838
2014-06-05,51.9216,52.9883,51.8807,52.9188,2060126
2014-06-06,53.0333,53.0823,51.987,52.3793,6830901
2014-06-09,52.3793,52.7554,51.6069,51.7826,1978935
2014-06-10,51.5865,51.7581,51.0388,51.3903,2371236
2014-06-11,51.4066,51.5783,50.8917,51.4884,2117371
2014-06-12,51.3249,51.5783,50.6873,51.4557,1918469
2014-06-13,51.5047,51.6764,50.9489,51.6355,1171855
2014-06-16,51.6192,51.6968,51.2023,51.3167,1327911
2014-06-17,51.1287,51.3494,50.3358,50.7772,2201462
2014-06-18,50.7854,50.859,50.2786,50.7527,2165277
2014-06-19,50.9407,51.6764,50.8426,51.5211,3473479
2014-06-20,51.5783,51.8399,51.2432,51.8317,5278961
2014-06-23,51.7009,52.224,51.6927,51.9134,1960755
2014-06-24,51.8562,51.987,51.5865,51.7826,2021530
2014-06-25,51.7009,51.9379,51.2595,51.3249,3113707
2014-06-26,51.3821,51.6846,51.3739,51.4148,2083220
2014-06-27,51.4802,51.5701,51.1124,51.1941,4712889
2014-06-30,51.3085,51.4557,50.8426,51.2268,2144348
2014-07-01,50.8998,51.6927,50.8998,51.5456,2017589
2014-07-02,51.3331,51.3658,50.6138,50.9571,1797154
2014-07-03,50.8917,50.8917,50.205,50.6138,1463337
2014-07-07,50.6873,51.0061,50.5729,50.9244,1452759
2014-07-08,50.8998,51.3739,50.7977,51.0878,1492857
2014-07-09,51.1287,51.2758,50.6873,51.2186,1662149
2014-07-10,51.1451,51.8233,51.096,51.4066,2073790
2014-07-11,51.4884,51.5129,51.1369,51.3494,1352842
2014-07-14,51.2922,51.5129,51.0347,51.4802,1284246
2014-07-15,51.3249,51.66,51.284,51.6437,1506480
2014-07-16,51.66,52.0442,51.4965,51.9543,1433638
2014-07-17,51.6437,52.2894,51.6273,52.0606,2080648
2014-07-18,52.314,52.5551,51.9788,52.551,2292320
2014-07-21,52.314,52.6,52.1505,52.5265,1011626
2014-07-22,52.6654,52.8861,52.4938,52.6164,1758370
2014-07-23,52.5101,52.8289,52.5101,52.7799,1458162
2014-07-24,52.8207,52.9025,52.6,52.8861,1756065
2014-07-25,52.8289,53.0087,52.5347,52.7063,1763742
2014-07-28,52.5919,53.0169,52.5919,52.927,1384318
2014-07-29,52.8207,52.9066,52.5101,52.6082,1172818
2014-07-30,52.551,52.8698,52.0606,52.3385,1417070
2014-07-31,52.2486,52.6246,51.8235,52.0115,2750315
2014-08-01,52.7635,53.0292,52.3957,52.8861,1425570
2014-08-04,52.7635,53.0292,52.3957,52.8861,1425570
2014-08-05,53.1722,53.1722,52.2322,52.4611,1748926
2014-08-06,52.4447,52.7962,52.314,52.3957,2136879
2014-08-07,52.5984,52.615,52.1681,52.2177,2016832
2014-08-08,52.3419,52.706,51.9906,52.226,3639483
2014-08-11,52.2922,52.6316,52.1763,52.317,2767085
2014-08-12,52.3833,52.6398,52.317,52.5653,1745966
2014-08-13,52.9461,53.8482,52.8136,53.7572,2244767
2014-08-14,53.9972,54.6055,53.8234,54.3697,2016269
2014-08-15,54.4442,54.9159,54.022,54.0551,2286770
2014-08-18,54.2207,54.4524,54.08,54.3614,1385867
2014-08-19,55.8264,56.0498,55.6526,55.934,1207111
2014-08-20,54.5269,55.1063,54.3283,54.9242,1625842
2014-08-21,54.9408,55.3877,54.8626,54.9325,1361932
2014-08-22,54.949,55.0881,54.4855,54.7338,921651
2014-08-25,54.8911,55.0318,54.56,54.7173,980554
2014-08-26,54.8745,55.1973,54.7918,55.1808,1025514
2014-08-27,55.1559,55.4456,55.1228,55.4125,954617
2014-08-28,55.2553,55.6029,55.1725,55.5118,1287907
2014-08-29,55.5781,55.934,55.4622,55.934,3485321
2014-09-02,56.1409,56.174,55.4539,55.6691,1494683
2014-09-03,55.8264,56.0498,55.6526,55.934,1207111
2014-09-04,55.8098,56.2733,55.5201,55.8926,1518354
2014-09-05,55.7933,56.5795,55.7353,56.5464,2047726
2014-09-08,56.3892,56.4554,55.9836,56.1574,1319305
2014-09-09,55.9588,56.0333,55.4415,55.636,1738815
2014-09-10,55.4539,55.4539,54.6262,54.8083,1522139
2014-09-11,54.8745,55.2222,54.6511,55.0318,1154212
2014-09-12,53.0868,53.4592,52.0522,52.3501,16988953
2014-09-15,52.4164,52.8716,52.1681,52.6316,3106175
2014-09-16,52.6316,52.9709,52.4246,52.855,2239821
2014-09-17,53.1033,53.3268,52.6854,52.7723,2380071
2014-09-18,52.9378,52.9709,52.0274,52.0522,2175764
2014-09-19,52.0853,52.6398,51.837,52.5902,4486509
2014-09-22,52.5736,52.7309,52.2343,52.2508,1557090
2014-09-23,52.226,52.5364,51.8867,51.9032,2076227
2014-09-24,51.9777,52.3998,51.5721,51.9777,2712610
2014-09-25,51.8618,52.0356,51.7128,51.8535,2193262
2014-09-26,52.0108,52.2922,51.6135,52.2343,2350286
2014-09-29,52.1101,52.1846,51.6466,51.9198,2000301
2014-09-30,52.0191,52.1725,51.5059,51.6218,2750342
2014-10-01,51.7542,52.0522,51.597,51.8867,2661182
2014-10-02,51.7873,51.9777,51.3569,51.5639,2679384
2014-10-03,51.7294,52.0977,51.4232,51.9611,2447565
2014-10-06,52.1763,52.5819,51.986,52.3501,2121256
2014-10-07,52.2922,52.9536,52.2343,52.5488,2390159
2014-10-08,52.7723,53.6661,52.4909,53.6579,3088563
2014-10-09,53.7406,54.3117,53.393,53.7572,2978402
2014-10-10,53.9144,55.396,53.7986,55.0235,3603116
2014-10-13,55.1973,55.607,54.858,55.1063,2410450
2014-10-14,55.3132,55.9753,55.1311,55.8015,3904073
2014-10-15,55.4953,56.1905,55.2718,56.0002,3190302
2014-10-16,55.6303,56.1516,55.4979,55.8951,2601383
2014-10-17,56.0912,56.1905,54.7918,55.4539,2658551
2014-10-20,55.4705,56.3312,55.1973,56.323,1862347
2014-10-21,56.2899,56.4471,55.6939,56.4388,1946224
2014-10-22,56.414,56.7947,56.0995,56.4968,1714501
2014-10-23,56.6954,57.0099,56.3147,56.9603,1884269
2014-10-24,56.8196,57.0555,56.6044,56.9934,1151289
2014-10-27,56.9768,57.5148,56.6789,57.4817,1831266
2014-10-28,57.4403,57.6969,57.101,57.6886,1210734
2014-10-29,57.5893,57.6721,56.8295,57.2831,2063580
2014-10-30,59.3091,59.7693,59.1752,59.6187,1126579
2014-10-31,58.4087,58.8887,57.8955,58.8556,3008060
2014-11-03,59.0212,59.0708,58.5494,59.0129,2732991
2014-11-04,58.8143,59.7909,58.6239,59.7826,2422583
2014-11-05,59.7744,59.9647,58.897,59.2364,2134828
2014-11-06,59.2255,59.5894,58.6816,58.7067,3174137
2014-11-07,58.8824,59.5267,58.556,59.0916,2663737
2014-11-10,59.0748,59.6606,58.9828,59.5267,2318003
2014-11-11,59.5099,59.6104,58.8489,59.2757,1211593
2014-11-12,59.3677,59.4681,58.8573,59.1752,1237323
2014-11-13,59.3091,59.7693,59.1752,59.6187,1126579
2014-11-14,59.3342,59.8279,59.2255,59.5518,1622160
2014-11-17,59.7526,60.4304,59.6689,60.3885,1645776
2014-11-18,60.3467,60.9241,60.0538,60.6061,1948894
2014-11-19,60.4053,60.5559,59.8195,59.8781,1905639
2014-11-20,59.9869,60.0455,59.3593,59.9785,2168534
2014-11-21,60.4973,60.8613,60.1291,60.8488,1830091
2014-11-24,60.991,61.1416,60.3969,60.489,1278759
2014-11-25,60.673,61.0328,60.4304,60.6061,3173139
2014-11-26,60.74,61.1753,60.6228,61.0579,1610238
2014-11-28,61.242,62.2378,61.0412,61.6353,1243511
2014-12-01,61.5265,62.7566,61.4434,62.3465,2039205
2014-12-02,62.1708,62.6143,61.719,62.5641,1612965
2014-12-03,62.857,63.1164,62.2294,62.6561,1612320
2014-12-04,62.7817,63.0829,62.3591,62.9574,1687594
2014-12-05,62.5557,62.5557,61.2671,61.9114,2034138
2014-12-08,61.8863,63.0159,61.8863,62.5641,2228750
2014-12-09,62.3047,63.6602,62.3047,63.2168,1934440
2014-12-10,63.1917,63.928,63.0578,63.6854,2721587
2014-12-11,63.928,64.3297,63.6602,63.9029,1861344
2014-12-12,63.7774,64.5179,63.7774,63.8109,2237381
2014-12-15,63.8276,64.1121,62.6938,62.8737,2426252
2014-12-16,62.9072,63.1666,62.2712,62.3214,2207860
2014-12-17,62.5808,64.2627,62.5641,63.8862,2862579
2014-12-18,64.2376,64.497,62.9072,63.8109,3551426
2014-12-19,63.7188,64.2443,63.3004,64.0117,4002044
2014-12-22,64.2125,65.363,64.0117,65.2501,2208852
2014-12-23,65.2836,65.4091,64.0368,64.1623,1811153
2014-12-24,64.179,64.6644,63.6435,63.677,930659
2014-12-26,63.9447,64.4309,63.836,64.2543,1025251
2014-12-29,64.1958,64.6225,63.8694,64.1121,2063840
2014-12-30,64.2209,64.8819,64.0117,64.1958,1727793
2014-12-31,64.589,64.9623,63.2251,63.3172,1687849
2015-01-02,63.6351,64.5974,63.5849,64.3882,1794978
2015-01-05,64.1874,65.3505,63.9489,65.1831,2066548
2015-01-06,64.9991,66.4466,63.0159,66.1119,2897737
2015-01-07,66.1287,66.9822,65.7772,66.7228,2736686
2015-01-08,67.0156,67.1094,65.7187,66.4466,2459702
2015-01-09,66.3379,66.9822,65.635,66.5136,1845567
2015-01-12,66.7395,67.6348,66.6809,67.5177,1644879
2015-01-13,67.4758,68.0561,67.2667,67.6683,1911723
2015-01-14,67.4507,68.5636,67.3252,68.5302,2302181
2015-01-15,68.5553,69.6598,68.0783,69.5928,3081649
2015-01-16,69.6849,70.6388,69.3585,70.5467,3164341
2015-01-20,70.622,71.0237,69.4506,69.7602,3071425
2015-01-21,69.6263,69.7435,68.3879,68.9736,2858516
2015-01-22,69.0824,69.6849,68.9858,69.4422,3341754
2015-01-23,69.5677,69.869,69.2163,69.643,2160789
2015-01-26,69.4673,69.643,68.5553,69.5175,2038217
2015-01-27,69.3836,70.0112,69.2163,69.4673,1579552
2015-01-28,69.5259,70.212,69.4757,69.4841,2317792
2015-01-29,69.4339,70.0823,69.2079,70.0698,2367843
2015-01-30,69.9024,69.9777,68.5385,68.572,2640580
2015-02-02,68.4632,68.6557,67.1077,68.572,2614604
2015-02-03,68.6138,68.6138,67.2332,68.413,2884592
2015-02-04,68.1955,68.1955,67.2165,67.5428,2596933
2015-02-05,67.9612,68.3628,67.275,68.3042,1882813
2015-02-06,68.5536,68.5536,65.0625,65.2992,3838441
2015-02-09,65.2401,65.7472,65.0541,65.1471,1886242
2015-02-10,65.1471,65.6881,64.6737,65.5106,2144856
2015-02-11,65.6627,66.1361,64.5724,65.2908,2511442
2015-02-12,65.3753,65.7641,64.9594,65.4683,1613897
2015-02-13,65.3077,65.5328,64.6822,65.1893,1267385
2015-02-17,64.9019,65.8909,64.7751,65.0625,1711405
2015-02-18,65.2316,66.0769,64.4455,66.0262,2259648
2015-02-19,65.7557,65.7557,64.2933,64.4286,2005695
2015-02-20,64.8005,66.3136,64.5385,65.9755,4007942
2015-02-23,65.967,66.5503,65.5697,66.5165,2953579
2015-02-24,64.4962,65.5359,64.2849,64.6653,16363897
2015-02-25,65.0034,66.2168,64.9442,65.6204,4391200
2015-02-26,65.7219,65.8233,64.2088,64.3018,2865001
2015-02-27,64.53,65.1893,63.9468,65.1809,2660056
2015-03-02,65.4598,66.2967,65.2823,65.4091,2900152
2015-03-03,65.6712,65.7726,64.9188,65.5697,1964611
2015-03-04,65.519,66.0938,64.6906,64.8512,2064227
2015-03-05,65.1048,65.7219,64.8005,64.8174,2015054
2015-03-06,63.9129,63.9129,61.8758,62.2308,4831263
2015-03-09,62.4844,63.0592,62.2731,62.8817,2935329
2015-03-10,62.7295,63.7777,62.6619,63.3381,3302852
2015-03-11,63.2367,63.5157,62.4337,62.7464,1924436
2015-03-12,63.0507,63.7354,63.0507,63.6509,2030424
2015-03-13,63.7016,64.0228,63.0676,63.4142,1414972
2015-03-16,63.6171,64.4286,63.4227,63.5664,2653155
2015-03-17,63.5664,63.9383,63.0423,63.1099,2510184
2015-03-18,63.1184,65.333,62.8056,65.0625,3301702
2015-03-19,65.1302,65.6289,64.7582,64.9019,2538149
2015-03-20,64.7075,66.8884,64.7075,66.8884,6907595
2015-03-23,66.7193,67.9197,66.5756,67.1166,2300204
2015-03-24,66.9391,67.3279,66.601,66.8546,2463456
2015-03-25,66.9391,67.2857,65.7472,65.874,1874552
2015-03-26,65.4767,65.9332,65.2316,65.426,1946138
2015-03-27,65.5866,66.153,65.3161,65.7472,1798554
2015-03-30,65.9586,66.5841,65.5866,66.5334,1665376
2015-03-31,66.2967,66.4814,65.3415,65.3922,3228179
2015-04-01,65.4767,65.4767,64.9019,65.257,2044174
2015-04-02,65.2147,66.0093,65.0541,65.7895,1804008
2015-04-06,66.0346,67.2857,66.0262,67.1504,2558439
2015-04-07,66.9476,66.9476,65.967,66.0346,2749855
2015-04-08,66.2291,66.4666,65.9078,66.1361,1630287
2015-04-09,66.0938,66.2206,64.6864,64.8259,1697305
2015-04-10,65.0034,65.3838,64.1243,64.4032,1454434
2015-04-13,64.2933,64.5131,63.8115,63.8115,1816541
2015-04-14,64.1074,64.7836,64.1074,64.3948,1191357
2015-04-15,64.3525,64.7329,63.7185,63.7608,1633937
2015-04-16,63.5664,64.2764,63.3297,63.9298,1213688
2015-04-17,63.8707,64.3018,63.4142,63.6171,1413709
2015-04-20,63.6847,63.9721,63.3973,63.6086,1105849
2015-04-21,63.9298,64.2764,63.5579,63.5917,1226202
2015-04-22,63.4903,64.0651,63.4565,63.7692,1245921
2015-04-23,63.727,64.2511,63.6002,64.0905,1289192
2015-04-24,64.0651,64.53,63.8707,64.1243,1055256
2015-04-27,64.2595,64.7329,63.7777,64.0059,1514736
2015-04-28,63.7861,64.2173,63.4058,63.9214,1182588
2015-04-29,63.3043,63.9129,62.2393,62.5182,2017263
2015-04-30,62.2815,62.4979,60.4642,60.8783,3481371
2015-05-01,61.0727,61.7067,60.9375,61.0812,1969421
2015-05-04,61.3601,61.7067,60.8614,60.9713,1503320
2015-05-05,60.8783,61.0727,60.0077,60.2105,1895086
2015-05-06,60.1429,60.3331,59.585,59.8386,2269007
2015-05-07,59.9739,60.8361,59.8555,60.4134,2692478
2015-05-08,61.1189,62.5641,61.1104,61.709,1923582
2015-05-11,61.5294,61.7774,60.3664,60.4946,2053961
2015-05-12,60.0414,60.9949,59.6651,60.6571,1854616
2015-05-13,60.8025,61.2728,59.7763,59.9388,2686677
2015-05-14,60.1611,60.8709,60.0243,60.8453,1825285
2015-05-15,61.059,62.128,60.9906,61.9228,2785526
2015-05-18,61.5721,61.7688,61.0505,61.4268,1935480
2015-05-19,61.1788,61.7774,61.0163,61.2044,1646390
2015-05-20,61.4952,61.6406,61.0334,61.2044,1659218
2015-05-21,61.2814,61.2899,60.64,60.9222,2095717
2015-05-22,60.7084,61.1189,60.0756,60.5973,1438471
2015-05-26,60.717,60.7512,60.0328,60.3578,2205855
2015-05-27,60.5802,60.9992,60.2381,60.8196,1348607
2015-05-28,60.8795,60.8795,60.1397,60.5716,1566836
2015-05-29,60.6315,60.7426,59.8618,60.0842,3784822
2015-06-01,60.221,61.1189,60.0842,60.8367,1932597
2015-06-02,60.6229,60.6486,60.0414,60.315,2206735
2015-06-03,60.1269,60.2501,59.1948,59.2546,2643792
2015-06-04,59.0836,60.0243,58.7073,59.5368,4032149
2015-06-05,58.6902,58.9126,57.9548,57.989,2935507
2015-06-08,58.0403,58.9126,57.818,58.4764,2087503
2015-06-09,58.4166,58.609,57.8821,57.989,1444174
2015-06-10,57.9548,58.8955,57.8291,58.4166,1565971
2015-06-11,58.7672,58.8955,58.4037,58.5192,2004094
2015-06-12,58.4422,58.7757,58.066,58.1173,1563283
2015-06-15,58.0061,58.1087,57.6127,57.741,1932469
2015-06-16,57.818,58.485,57.7068,58.1515,2024330
2015-06-17,58.1857,58.4508,57.57,58.3482,3060047
2015-06-18,58.5876,59.4599,58.3482,58.904,2374298
2015-06-19,58.9126,59.229,58.3482,58.7843,3196905
2015-06-22,59.0408,59.0408,57.7068,57.7666,1944096
2015-06-23,57.6469,58.0489,56.997,57.322,1661453
2015-06-24,57.4075,57.6469,56.7952,56.8858,3234949
2015-06-25,56.8773,57.074,56.3727,56.424,2636757
2015-06-26,56.4753,56.9799,56.1846,56.7661,2027427
2015-06-29,56.7661,57.4844,56.2017,56.2359,2430585
2015-06-30,56.7404,56.8003,55.9964,56.1247,2496544
2015-07-01,56.4411,56.7575,55.9024,56.7404,3443605
2015-07-02,57.1937,57.8351,56.5181,56.6378,2309437
2015-07-06,56.3385,57.0055,56.3385,56.9542,1720837
2015-07-07,57.2792,58.4935,57.0312,58.408,2323967
2015-07-08,58.2113,59.0622,57.8522,58.7501,2689733
2015-07-09,59.1264,59.3829,58.3567,58.4422,2270938
2015-07-10,58.8356,59.4086,58.3909,58.7929,1835418
2015-07-13,59.1862,59.4599,58.1087,58.5448,1907307
2015-07-14,58.7586,58.8014,58.2028,58.2626,1448392
2015-07-15,58.2626,58.3653,57.6213,57.7495,3136869
2015-07-16,57.8949,58.1515,57.3562,57.7495,2799244
2015-07-17,57.7666,57.8436,57.2792,57.5529,1744103
2015-07-20,57.5186,57.664,57.1253,57.5785,1548384
2015-07-21,57.5272,57.7666,57.2535,57.3818,1914090
2015-07-22,57.3476,57.9804,57.3142,57.8607,1569951
2015-07-23,57.7239,57.9206,56.9542,57.322,1418482
2015-07-24,57.2108,58.2306,57.1253,57.9975,1561107
2015-07-27,57.9975,58.8356,57.9462,58.7415,2506991
2015-07-28,58.7586,59.0836,58.4935,58.7073,2048666
2015-07-29,58.6133,59.4171,58.16,59.2717,2050434
2015-07-30,59.1178,59.4941,58.6304,58.8442,1631742
2015-07-31,59.4,60.0243,59.1862,59.3231,1792147
2015-08-03,59.2717,59.725,59.229,59.7164,2177837
2015-08-04,59.1948,60.0499,59.0066,59.1862,2544809
2015-08-05,59.4,59.8105,58.2455,58.6218,2923375
2015-08-06,58.5876,58.6646,57.2706,58.5705,2968599
2015-08-07,58.5749,59.1029,57.8478,58.8605,2018461
2015-08-10,58.9644,59.0682,58.0728,58.3152,1723770
2015-08-11,58.3844,59.3885,58.3498,58.696,1857251
2015-08-12,58.6441,59.0509,58.0642,59.0336,5860438
2015-08-13,58.5835,59.0856,57.9257,58.7307,2385424
2015-08-14,58.5489,58.999,58.22,58.7999,2342315
2015-08-17,58.9038,60.0723,58.8778,60.0291,3302281
2015-08-18,59.9944,60.2455,59.804,60.0117,1700865
2015-08-19,59.6482,60.0637,59.3279,59.778,1706232
2015-08-20,59.5357,60.2974,59.1548,60.0464,2341523
2015-08-21,59.9771,60.3926,59.2241,59.2241,2857275
2015-08-24,57.3977,58.7566,56.7917,56.9216,5944744
2015-08-25,57.64,57.9603,54.7403,54.7835,3320037
2015-08-26,55.5712,55.8569,54.5239,55.7617,3289138
2015-08-27,56.4974,57.2418,55.5236,56.5407,2861037
2015-08-28,56.584,56.6965,55.8941,56.333,1916499
2015-08-31,56.2551,56.2637,54.7922,54.8355,2826126
2015-09-01,54.169,54.394,53.5804,54.0045,2546424
2015-09-02,54.5931,54.9999,54.0824,54.723,2326761
2015-09-03,54.8788,54.9653,54.2642,54.4113,1631009
2015-09-04,53.9785,54.143,52.8013,53.1649,1720178
2015-09-08,53.84,54.3161,53.5544,54.169,2307532
2015-09-09,54.5152,54.6883,53.4938,53.589,2321128
2015-09-10,53.5371,54.2728,53.3553,53.5371,1754208
2015-09-11,53.4419,54.3854,53.3207,54.3681,1331599
2015-09-14,54.5931,54.8658,54.1949,54.8355,2074415
2015-09-15,54.8441,55.5366,54.4027,55.225,1541742
2015-09-16,55.1038,56.0127,55.1038,55.8136,1214418
2015-09-17,55.805,58.4276,55.476,57.2851,2921364
2015-09-18,56.4455,59.1894,56.3936,58.3065,5513568
2015-09-21,58.3671,58.9471,58.1247,58.6268,2252590
2015-09-22,58.2459,58.8345,58.1853,58.4623,2145734
2015-09-23,58.4277,59.2327,58.2027,58.999,1817931
2015-09-24,58.9124,59.276,58.4364,58.7826,2306834
2015-09-25,58.8432,59.2067,58.4364,58.5575,2243192
2015-09-28,58.4017,58.4277,56.8913,57.2245,2327624
2015-09-29,57.1812,58.4191,56.9389,58.2806,2814661
2015-09-30,58.5922,59.2587,58.194,58.6181,2077369
2015-10-01,58.8605,58.9903,57.9603,58.6008,1832241
2015-10-02,58.2892,59.0596,58.0166,59.0596,1878831
2015-10-05,59.2414,59.9425,58.9903,59.9079,2131974
2015-10-06,59.8906,60.055,59.4578,59.8127,1477099
2015-10-07,59.7867,60.2801,59.3279,60.2628,2026922
2015-10-08,60.2628,60.4359,59.5876,60.2974,2014354
2015-10-09,60.1849,60.3355,59.7348,59.9512,1496661
2015-10-12,59.9512,60.3147,59.5097,59.7694,1669573
2015-10-13,59.25,60.055,59.25,59.7088,1331437
2015-10-14,59.7348,59.9512,58.4191,58.5835,1857836
2015-10-15,58.5835,59.1981,58.4537,59.1721,1707865
2015-10-16,58.5575,60.081,58.2806,59.9858,1598565
2015-10-19,59.9425,60.7388,59.83,60.7129,1461310
2015-10-20,60.4792,60.7302,59.9685,60.332,1392201
2015-10-21,60.5398,61.3361,60.3666,61.0678,1534454
2015-10-22,61.2755,61.6737,60.8341,61.3794,2271888
2015-10-23,61.1284,61.4054,58.8605,59.276,2906948
2015-10-26,59.0596,59.2673,57.5621,58.7134,3147496
2015-10-27,58.6181,58.9817,58.0815,58.9211,1946584
2015-10-28,59.0163,59.1029,57.363,57.8391,3092383
2015-10-29,57.5967,58.0555,57.3457,57.9516,2899447
2015-10-30,57.7872,58.6441,55.4414,56.1512,4094928
2015-11-02,56.0387,57.0081,55.7877,57.0081,2988033
2015-11-03,56.9389,57.2505,55.7833,56.0906,2836618
2015-11-04,56.1598,56.3589,55.8915,56.0646,2238976
2015-11-05,55.9434,56.2854,55.5193,56.1945,2911144
2015-11-06,55.8482,56.4531,53.0729,53.4985,4082095
2015-11-09,53.2618,53.5073,51.3856,51.7363,4333954
2015-11-10,51.8853,52.6656,51.5938,52.0782,3335359
2015-11-11,52.2798,52.464,51.6924,51.7363,1674287
2015-11-12,51.7363,52.4552,51.1708,52.0694,3508815
2015-11-13,52.3149,52.7533,51.013,51.0349,3097354
2015-11-16,51.0349,52.2009,51.0261,51.8415,2707586
2015-11-17,51.7538,52.1308,51.4382,51.596,2178463
2015-11-18,51.8502,52.2798,51.4294,52.2272,2080297
2015-11-19,52.4026,53.2881,52.3237,53.0864,3078655
2015-11-20,53.4284,54.1385,53.1303,54.0684,3401570
2015-11-23,54.612,55.0153,54.235,54.5769,3119452
2015-11-24,54.4278,54.8662,54.2613,54.5944,3015471
2015-11-25,54.6558,55.0065,54.4542,54.761,1741317
2015-11-27,54.7347,55.5764,54.6821,55.401,1005039
2015-11-30,55.3923,56.1612,55.0503,55.401,5552858
2015-12-01,55.8043,56.8301,55.8043,56.8213,3108951
2015-12-02,56.5583,56.9704,55.5238,55.629,2843304
2015-12-03,55.252,55.5588,54.5988,54.9802,3332619
2015-12-04,55.2871,55.9095,55.0416,55.8043,2624484
2015-12-07,55.8219,56.6013,55.5676,56.2427,2449845
2015-12-08,56.3304,56.9704,56.1112,56.4443,2345449
2015-12-09,56.0498,56.7337,55.7158,56.2602,1923989
2015-12-10,56.1813,56.3041,55.0153,55.0679,3245201
2015-12-11,54.7961,55.8481,54.7961,55.4186,2610023
2015-12-14,55.2257,55.7912,55.024,55.7079,2277622
2015-12-15,56.1726,56.8915,56.1463,56.646,2474304
2015-12-16,56.795,58.2767,56.7687,58.0751,2492363
2015-12-17,57.8384,58.0751,57.4964,57.8734,2399257
2015-12-18,57.8734,58.0926,56.9704,57.2071,4534656
2015-12-21,57.8033,57.9786,57.0405,57.3912,1528319
2015-12-22,57.6279,58.3381,57.4351,58.0049,1678761
2015-12-23,58.0312,58.8028,57.9611,58.7677,1782218
2015-12-24,58.8028,58.9518,58.3907,58.7677,637159
2015-12-28,58.7326,59.1973,58.4433,59.1973,1167086
2015-12-29,59.3726,60.1091,59.2061,60.0653,1910131
2015-12-30,60.0039,60.2845,59.7146,59.8987,996255
2015-12-31,59.8636,60.0651,59.3113,59.6444,1461754
2016-01-04,59.4165,60.0214,58.8378,59.9601,2434094
2016-01-05,60.0565,61.7661,59.7496,61.4505,3346528
2016-01-06,60.9332,61.5119,60.7579,61.319,2591878
2016-01-07,60.7053,61.2576,59.2674,59.5655,4418350
2016-01-08,59.7584,60.2406,59.5743,59.697,2299076
2016-01-11,59.9776,60.6878,59.7935,60.1003,2608378
2016-01-12,60.3458,60.4598,59.3551,59.6444,2304111
2016-01-13,59.6795,60.074,58.0838,58.3732,3166170
2016-01-14,58.1978,58.7589,57.7858,58.2066,3193416
2016-01-15,57.4526,58.3293,57.1808,58.1452,2778775
2016-01-19,58.7151,60.0039,58.417,59.4165,2365695
2016-01-20,58.9693,59.3113,55.8482,56.5583,3225889
2016-01-21,57.1194,58.2943,56.1901,57.4088,2225708
2016-01-22,57.9786,59.8724,57.8647,59.3989,1924583
2016-01-25,59.3376,60.0039,58.4258,58.5222,1895224
2016-01-26,58.7677,59.548,57.5753,57.8647,4865168
2016-01-27,57.172,57.3035,53.2443,54.007,6630749
2016-01-28,53.8317,54.4015,52.8936,52.9812,4976817
2016-01-29,53.7265,54.5594,53.0689,54.5506,4401482
2016-02-01,54.27,55.5062,53.9632,55.0854,2337618
2016-02-02,55.0854,55.1117,54.1298,54.1911,3259996
2016-02-03,54.647,55.8569,54.4103,55.8131,2528480
2016-02-04,55.6377,56.0282,55.0854,55.8394,2400342
2016-02-05,55.7239,56.1949,55.0395,56.0971,3272081
2016-02-08,55.9905,56.1949,52.5777,53.8397,3618939
2016-02-09,53.2176,53.2621,48.3562,49.5382,7557491
2016-02-10,49.7515,50.187,49.4227,49.5116,2671529
2016-02-11,48.5962,49.085,46.9254,47.7074,5659586
2016-02-12,48.2585,49.1828,47.5475,48.3473,3965639
2016-02-16,48.9339,49.7515,48.3296,49.7338,3655470
2016-02-17,49.8138,50.635,49.3072,50.2404,5821063
2016-02-18,50.6581,52.8266,49.876,52.1511,3848445
2016-02-19,51.9378,53.3653,51.4224,52.6133,3924509
2016-02-22,52.9066,53.662,52.5777,53.6176,2652720
2016-02-23,53.4576,55.0395,53.3332,53.9197,2796694
2016-02-24,53.662,54.7907,53.4309,54.6929,2638896
2016-02-25,54.9684,55.7328,54.6974,55.6972,2582920
2016-02-26,55.6528,56.6037,55.5106,56.4349,2355294
2016-02-29,56.4171,57.2347,56.3282,56.6837,3214037
2016-03-01,57.0125,58.6567,56.8792,58.6389,2401008
2016-03-02,58.6389,59.4832,58.3279,59.4832,1878810
2016-03-03,59.5543,59.7854,57.8124,58.6478,3247649
2016-03-04,58.6478,59.03,58.1412,58.8256,1936938
2016-03-07,58.4345,59.6876,58.1501,59.4299,1712412
2016-03-08,59.2788,59.5721,58.3412,58.5323,2232057
2016-03-09,58.6656,59.4116,58.5234,59.1011,1699676
2016-03-10,58.6567,59.03,57.1547,57.8835,3300541
2016-03-11,58.3368,59.2522,58.319,59.1455,3946918
2016-03-14,58.9944,59.1988,58.3368,59.1277,1974607
2016-03-15,58.9055,59.0744,57.5547,58.4345,2016459
2016-03-16,58.2568,59.3766,57.6169,59.1455,2416322
2016-03-17,59.3944,60.2031,58.9944,60.052,2336372
2016-03-18,60.1942,60.3809,59.6432,59.6699,3598247
2016-03-21,59.5188,59.9898,59.3499,59.4032,1997884
2016-03-22,59.0655,59.5188,58.7989,59.3144,2214663
2016-03-23,59.3855,59.8743,58.8967,59.4388,1723410
2016-03-24,59.0566,59.661,58.5323,59.5099,1630392
2016-03-28,59.5188,60.4697,59.4032,60.1231,1426892
2016-03-29,60.132,61.865,59.9543,61.6784,2526980
2016-03-30,61.8028,61.8562,61.1453,61.2163,1840333
2016-03-31,61.1096,62.1583,60.8874,61.6251,2994541
2016-04-01,60.7719,61.6784,60.452,61.4651,1829739
2016-04-04,61.6695,62.105,61.474,61.8562,1941342
2016-04-05,61.7584,62.345,61.2963,61.6873,1638594
2016-04-06,61.634,61.8739,61.314,61.3851,1845768
2016-04-07,61.2785,61.9273,60.9008,61.1185,2238880
2016-04-08,61.314,61.9095,61.0652,61.5806,1827311
2016-04-11,61.7406,62.1228,61.5007,61.8117,1865753
2016-04-12,62.1406,62.4249,61.7851,62.105,1390677
2016-04-13,62.2117,62.2117,61.6784,61.8917,1448253
2016-04-14,61.865,62.1228,61.4829,61.9184,2051053
2016-04-15,61.8739,62.496,61.7939,62.0428,1707563
2016-04-18,62.0872,62.7982,61.8384,62.7804,1396131
2016-04-19,62.8071,63.3937,62.6471,63.3937,1621229
2016-04-20,63.367,63.3848,61.1629,61.3407,1863403
2016-04-21,61.3407,61.4562,59.1455,59.2077,2689161
2016-04-22,59.5454,60.9319,59.3321,60.6741,2099959
2016-04-25,60.6208,61.5895,60.4342,61.5895,1492597
2016-04-26,61.714,62.496,61.4873,61.6784,1345474
2016-04-27,61.5362,62.1406,61.1452,62.0339,1700173
2016-04-28,61.554,62.265,61.554,61.9095,1423583
2016-04-29,61.5096,61.9095,60.8252,61.6962,1717600
2016-05-02,61.9273,62.7093,61.7406,62.4605,1787647
2016-05-03,62.185,64.3091,61.9006,63.8558,2810116
2016-05-04,63.5892,66.1932,63.5892,66.1043,4959473
2016-05-05,65.8199,66.2998,64.8779,65.5266,3112495
2016-05-06,65.4997,66.4978,64.7533,66.1561,2348033
2016-05-09,66.4528,67.406,66.0752,67.1722,2855386
2016-05-10,67.1183,67.1183,64.4566,65.6705,3785174
2016-05-11,65.5896,65.6345,63.4854,63.899,3668547
2016-05-12,64.1868,65.2029,63.6742,64.8252,2019206
2016-05-13,64.6993,64.7704,63.944,64.5375,1674053
2016-05-16,64.5195,65.8054,64.4206,65.3198,1397037
2016-05-17,65.2659,65.2838,63.881,64.3936,1990242
2016-05-18,64.1238,64.1238,61.2733,62.3703,3960871
2016-05-19,61.651,62.0107,61.3452,61.5071,3606345
2016-05-20,61.9747,62.1455,60.8776,61.642,3383540
2016-05-23,61.8758,62.0017,61.3093,61.4352,2408403
2016-05-24,61.8488,62.3254,61.4531,61.7679,2180558
2016-05-25,61.8668,62.0107,60.7158,61.6959,2124968
2016-05-26,61.7499,62.1635,61.5341,61.9837,1383496
2016-05-27,62.0017,62.721,61.9837,62.2894,1200621
2016-05-31,62.3344,62.4513,61.5161,61.9657,4403042
2016-06-01,61.8218,62.3883,61.6869,62.0376,1883800
2016-06-02,61.9297,62.4693,61.7222,62.4693,1756165
2016-06-03,63.0987,64.3127,63.0358,64.1328,3062139
2016-06-06,64.0339,64.2048,62.5952,62.784,2831073
2016-06-07,62.9728,63.7012,62.784,63.5843,2405546
2016-06-08,63.5303,64.7308,63.2426,64.5735,2252468
2016-06-09,64.3756,65.086,64.1508,64.8792,2036341
2016-06-10,64.4386,65.131,64.4164,64.8702,1905776
2016-06-13,64.9601,65.8908,64.9601,65.3828,2256500
2016-06-14,65.3738,66.0392,64.8522,65.5626,2904264
2016-06-15,65.6076,66.4708,65.5176,66.0931,2247360
2016-06-16,65.8773,66.4708,65.4097,66.4259,1816824
2016-06-17,66.309,67.1992,65.8234,66.7676,7802401
2016-06-20,66.9924,67.0014,65.8324,65.9043,2667072
2016-06-21,65.9852,66.3269,65.4727,66.0302,2089951
2016-06-22,65.3288,65.3917,64.7443,65.077,2070659
2016-06-23,65.6435,65.8054,64.6993,65.6795,1461550
2016-06-24,64.1059,66.309,63.98,65.1849,5415886
2016-06-27,64.8792,66.246,64.6544,65.9673,2586784
2016-06-28,66.1471,67.1902,65.7559,67.1722,1904023
2016-06-29,67.3071,68.1524,66.9294,67.9096,2286547
2016-06-30,68.0085,68.557,67.2082,68.4941,2499767
2016-07-01,68.4761,69.4023,68.3142,68.5211,2276731
2016-07-05,68.3592,69.0156,68.3412,68.9707,1670477
2016-07-06,68.7549,68.9976,68.2468,68.6919,2364533
2016-07-07,68.2783,68.3772,66.7945,67.2981,2300956
2016-07-08,67.7387,68.2063,67.0193,67.9995,2291442
2016-07-11,68.1434,68.638,67.442,68.5211,1420454
2016-07-12,68.4671,68.8628,67.9096,68.3592,1786791
2016-07-13,68.6559,69.2494,68.3412,69.1955,1745968
2016-07-14,69.1955,69.218,68.0517,68.4941,1531284
2016-07-15,68.629,68.8628,67.9815,68.7908,1507897
2016-07-18,68.9077,69.5821,68.683,69.4113,1085759
2016-07-19,69.4293,69.78,69.0336,69.744,1517615
2016-07-20,69.6721,69.8069,69.3753,69.789,1059954
2016-07-21,69.4652,70.2071,69.3034,70.1936,1082512
2016-07-22,70.1397,71.1648,70.0605,70.8141,1251711
2016-07-25,70.949,71.1288,70.3342,70.8141,1137524
2016-07-26,70.7242,70.7601,69.6901,69.9328,1333172
2016-07-27,69.9328,70.0857,68.5696,69.5642,1740456
2016-07-28,69.4473,70.6702,69.2944,70.4724,1713210
2016-07-29,70.5983,71.9291,70.5983,71.3356,1925199
2016-08-01,71.3266,72.109,70.6882,71.5874,1944793
2016-08-02,71.1018,71.5514,69.5192,69.9598,2352153
2016-08-03,69.735,69.9958,68.2693,69.6541,2366445
2016-08-04,69.6541,69.9149,69.2674,69.8789,1467400
2016-08-05,69.9698,70.3517,69.2515,69.4515,1508482
2016-08-08,69.5607,70.4427,69.4152,70.0608,1577839
2016-08-09,69.9607,71.2883,69.206,71.161,2392707
2016-08-10,71.361,71.9885,71.2065,71.7429,2022273
2016-08-11,71.7066,71.7702,70.2881,70.6973,2105312
2016-08-12,70.8973,72.2158,70.6791,71.2519,1676440
2016-08-15,71.3429,71.5702,70.6336,70.6973,1663687
2016-08-16,70.5154,70.6518,69.4543,69.7152,1627522
2016-08-17,69.8789,70.2517,69.1878,70.0153,1999248
2016-08-18,70.0153,70.2517,69.4788,69.9153,1240825
2016-08-19,69.688,69.9442,69.1741,69.3424,1774190
2016-08-22,69.5243,69.9926,69.3606,69.688,1538181
2016-08-23,69.9971,70.1153,69.597,69.9335,1178645
2016-08-24,69.9335,70.1517,68.9695,69.3697,1064825
2016-08-25,69.4515,70.2881,69.3788,70.0153,1446392
2016-08-26,70.1426,70.5427,68.324,68.906,1916136
2016-08-29,69.1878,70.3245,69.1515,69.9789,1485491
2016-08-30,70.1153,70.2153,69.3242,70.0153,1130021
2016-08-31,69.8607,70.3063,69.3151,69.788,2266218
2016-09-01,69.788,69.8243,69.0878,69.497,1263052
2016-09-02,69.7516,70.67,69.4606,69.7425,1676194
2016-09-06,69.9698,70.8973,69.5152,70.8518,1877941
2016-09-07,70.8246,71.0974,70.429,71.0974,1289689
2016-09-08,70.7518,70.8064,70.0253,70.3608,3189416
2016-09-09,69.5788,69.8425,66.8419,67.0601,3189649
2016-09-12,66.951,68.2876,66.7237,67.9876,2179673
2016-09-13,67.5148,67.7512,66.2145,66.46,1896484
2016-09-14,66.7964,67.4693,66.4782,66.8692,1927382
2016-09-15,66.6418,67.0874,66.2599,66.9328,1635173
2016-09-16,66.7237,66.8873,66.1781,66.5509,3372393
2016-09-19,66.9601,67.1147,66.3872,66.6055,2751049
2016-09-20,67.2511,67.2511,66.5236,66.5418,2529215
2016-09-21,66.6327,67.7421,65.778,67.5966,2891675
2016-09-22,68.1149,69.3697,68.0967,69.1878,2901607
2016-09-23,69.1424,69.8653,68.4877,69.4697,1666919
2016-09-26,69.0333,70.1335,69.0333,69.8334,2816385
2016-09-27,70.0335,70.179,68.5513,68.6695,2404419
2016-09-28,68.7332,69.597,68.7332,69.5152,1639989
2016-09-29,69.1333,69.6698,68.2058,68.9332,1722576
2016-09-30,69.4879,69.9153,67.9421,67.9876,2126304
2016-10-03,67.7057,68.0603,66.9419,67.0965,1850512
2016-10-04,67.0146,67.0692,65.0051,65.3597,2479815
2016-10-05,65.5325,65.9417,63.7867,63.9958,2847497
2016-10-06,63.7958,64.3595,62.841,63.9503,3066033
2016-10-07,64.2959,65.0051,62.9774,63.232,2749918
2016-10-10,63.2866,64.0085,63.1956,63.4593,1279024
2016-10-11,63.2775,63.6321,62.4136,62.5046,1775646
2016-10-12,62.5137,63.1593,62.4955,62.8501,1420324
2016-10-13,62.741,63.7594,62.5682,63.5502,1594351
2016-10-14,64.2777,64.2777,62.6551,63.132,1508602
2016-10-17,63.2775,63.6594,62.9319,63.041,1496023
2016-10-18,63.6321,64.3231,63.3866,63.9503,1473429
2016-10-19,64.0322,64.4823,63.7958,64.1868,1963244
2016-10-20,64.2049,64.6778,63.9231,64.4504,1619480
2016-10-21,64.0595,64.4595,63.9049,64.1049,1266755
2016-10-24,64.4232,65.1961,64.0958,64.4323,1121363
2016-10-25,64.3686,64.6504,63.9685,64.5323,1118845
2016-10-26,64.0504,64.1777,62.9957,63.3684,1075593
2016-10-27,63.0683,63.1502,61.4862,62.1954,1863990
2016-10-28,62.5228,62.8774,61.9281,62.2409,1946260
2016-10-31,62.641,62.8774,62.1045,62.3136,2497706
2016-11-01,62.0863,62.3227,60.4314,61.2952,3891625
2016-11-02,61.2497,62.0317,60.9224,61.1134,4007895
2016-11-03,60.9861,60.9861,59.7858,59.9949,3366215
2016-11-04,59.9304,60.4602,59.1842,60.0133,2634699
2016-11-07,60.7872,61.0544,59.8199,61.0268,2251976
2016-11-08,60.778,61.0636,59.7554,59.8567,2692798
2016-11-09,58.2629,58.8894,56.5585,57.8114,4956055
2016-11-10,57.6456,57.6732,54.7159,56.2084,6131246
2016-11-11,56.0241,57.185,55.932,56.6782,3337540
2016-11-14,56.5308,59.0183,55.8491,58.7051,3366305
2016-11-15,58.8433,60.0225,57.4521,57.8206,2559821
2016-11-16,57.922,58.4748,57.3969,58.051,2493898
2016-11-17,58.0786,58.4748,56.8164,57.102,2037863
2016-11-18,57.1665,57.7377,56.8349,57.5719,2177514
2016-11-21,57.8114,58.0418,56.8625,56.9823,2311205
2016-11-22,57.2218,57.6548,56.798,57.5074,2598240
2016-11-23,57.0283,57.4153,56.5493,57.2863,2108121
2016-11-25,57.2771,58.1984,56.9915,57.7101,817025
2016-11-28,57.7285,58.5761,57.535,58.4103,2467155
2016-11-29,58.4471,59.2118,58.0859,59.1381,2438392
2016-11-30,58.3919,58.7788,57.5162,57.8391,4513008
2016-12-01,57.618,57.664,56.2729,56.5769,2439004
2016-12-02,57.1389,58.6775,57.0836,57.8391,2688595
2016-12-05,57.793,58.1431,57.185,57.7285,2648568
2016-12-06,57.7193,58.8709,57.5857,58.5485,2460886
2016-12-07,58.8433,60.1653,58.7396,60.1331,2809887
2016-12-08,59.6909,60.5293,59.2855,60.4463,2119386
2016-12-09,60.3726,61.2294,60.3266,60.5016,1658655
2016-12-12,60.3542,61.3769,59.9304,61.3032,2087327
2016-12-13,61.3953,61.4782,60.8241,61.3492,2309667
2016-12-14,61.3216,61.3492,59.3316,59.4145,2747587
2016-12-15,59.175,59.4237,58.0878,58.355,4009650
2016-12-16,58.8617,60.4187,58.8617,60.0502,5069118
2016-12-19,60.5569,61.6348,60.5569,61.1557,1822383
2016-12-20,61.0913,61.727,60.7504,61.2294,1386453
2016-12-21,61.2387,61.9112,60.1147,60.17,1634565
2016-12-22,59.9304,60.4003,59.3776,60.1976,1288992
2016-12-23,60.2989,60.5477,59.9304,60.3542,909192
2016-12-27,60.4003,60.8978,60.1055,60.6767,1219129
2016-12-28,60.6767,60.7504,59.9028,60.2529,1007654
2016-12-29,60.3726,61.0544,60.0041,60.5938,1506756
2016-12-30,60.7227,61.7914,60.4648,61.6625,1688157
2017-01-03,61.8283,61.8283,60.6536,60.9623,2085033
2017-01-04,60.907,61.644,60.7135,61.4321,2070740
2017-01-05,62.0126,62.9431,61.165,62.8049,2227976
2017-01-06,62.722,63.2747,62.1784,63.0628,1908648
2017-01-09,63.201,63.4378,62.6298,63.0168,1806565
2017-01-10,62.5561,62.5561,60.9162,61.1005,3252208
2017-01-11,61.0913,61.7822,60.5385,61.1742,2741114
2017-01-12,60.8886,61.6901,60.603,61.5888,1611412
2017-01-13,61.4782,61.8007,60.9991,61.4137,1156540
2017-01-17,61.8007,62.3166,61.6717,62.0033,1469251
2017-01-18,61.9849,62.3074,61.6993,61.8007,2514796
2017-01-19,61.4598,61.5795,60.8425,61.1742,1770255
2017-01-20,60.9531,61.5414,60.6306,61.5058,1540751
2017-01-23,61.5888,62.4732,61.2755,62.3534,1884673
2017-01-24,62.206,62.639,61.6809,62.0033,1865794
2017-01-25,61.9573,62.1323,60.8333,61.1373,1571058
2017-01-26,61.2479,61.6255,60.7504,60.9346,1714592
2017-01-27,61.1465,61.3676,60.5069,60.7504,1189199
2017-01-30,60.8609,61.3455,60.5293,61.1189,1264225
2017-01-31,61.2479,61.7454,60.9574,61.082,2561945
2017-02-01,60.9438,61.4229,60.1055,60.1331,2041482
2017-02-02,60.2713,61.2202,60.2437,61.1189,1727143
2017-02-03,61.2962,61.8844,60.8015,61.0815,1802357
2017-02-06,61.2029,61.9684,61.0815,61.7724,1807886
2017-02-07,61.9217,62.2391,61.4083,61.4923,1406851
2017-02-08,61.5203,62.0151,61.5203,61.6417,2013303
2017-02-09,61.623,61.8563,60.8668,61.0442,1653320
2017-02-10,60.9415,61.5063,60.7268,61.4923,1461978
2017-02-13,61.6137,62.1644,61.2029,61.8844,1747041
2017-02-14,62.0244,62.0618,60.5588,61.1562,1346764
2017-02-15,60.9042,61.3243,60.3347,61.2216,1692789
2017-02-16,61.3056,62.4445,61.3056,61.6883,1347396
2017-02-17,62.0057,62.2111,61.0349,61.539,2199334
2017-02-21,61.6417,62.6312,61.1562,62.4912,2031409
2017-02-22,63.3034,63.7711,62.6499,63.2007,2667328
2017-02-23,63.5087,64.3676,63.098,64.2742,1773338
2017-02-24,64.2369,65.4412,63.6861,65.4038,2476806
2017-02-27,65.2638,65.8426,65.1238,65.3852,1572814
2017-02-28,65.3852,66.0293,65.2171,65.7026,2360925
2017-03-01,65.1144,65.4505,64.4236,64.8624,2405909
2017-03-02,64.629,65.3852,64.1809,65.3011,2183800
2017-03-03,65.2918,65.2918,64.2462,64.9464,1450036
2017-03-06,64.489,64.8997,63.7141,63.9848,1477410
2017-03-07,63.7701,64.055,63.1913,63.9382,1218098
2017-03-08,63.3034,63.4807,62.5192,62.5659,1869016
2017-03-09,62.5192,62.6592,61.2309,61.4269,1913807
2017-03-10,61.6137,62.4725,61.3756,61.7724,2174292
2017-03-13,61.7724,62.2298,61.0069,61.6137,2061178
2017-03-14,61.483,61.7443,60.9228,61.6603,1726433
2017-03-15,61.8657,62.8833,61.7257,62.7712,2294769
2017-03-16,62.5472,63.07,62.4725,62.8179,1708981
2017-03-17,62.958,63.4154,62.6125,62.8086,3462727
2017-03-20,63.4434,63.6674,62.7432,63.2754,2160784
2017-03-21,63.3967,63.6301,63.0233,63.3127,1933198
2017-03-22,63.4807,64.2276,63.322,64.0969,1740100
2017-03-23,64.1342,65.6279,63.8915,64.9744,2576249
2017-03-24,65.1424,65.3198,64.909,65.0397,2364081
2017-03-27,65.1144,66.076,64.9277,65.4692,2424385
2017-03-28,65.3758,65.9826,65.1984,65.9173,1931410
2017-03-29,65.8426,66.356,65.7586,66.216,2334579
2017-03-30,66.0293,66.2627,65.5812,66.076,1818718
2017-03-31,65.9546,66.412,65.7959,66.1133,2650445
2017-04-03,66.1133,66.5147,65.8146,66.4214,2027353
2017-04-04,66.244,66.4214,65.7679,65.8893,2834835
2017-04-05,65.9079,66.7761,65.7586,66.5614,2141348
2017-04-06,66.4867,67.0842,66.1227,66.8228,2190189
2017-04-07,66.8695,67.663,66.8695,67.4576,2163490
2017-04-10,67.467,68.1757,67.2336,68.0457,1676819
2017-04-11,68.0364,68.2325,67.8124,67.9524,1274803
2017-04-12,67.9524,68.3071,67.635,68.0831,1523305
2017-04-13,68.0457,68.4472,67.859,68.0084,1819299
2017-04-17,68.2885,68.5779,68.1858,68.5125,1304026
2017-04-18,68.5592,69.5487,68.4378,69.306,2449017
2017-04-19,69.2407,69.3154,68.6806,68.9606,2300680
2017-04-20,68.8579,69.1847,68.6992,69.1473,1617677
2017-04-21,68.9046,69.3433,68.6712,68.7832,2306779
2017-04-24,68.9606,69.0306,66.6828,67.6817,2955251
2017-04-25,67.6723,67.8964,67.3549,67.8404,1112316
2017-04-26,67.6163,67.663,66.9162,67.0562,1562637
2017-04-27,67.1776,67.9197,66.7668,67.3643,1287730
2017-04-28,67.2616,67.2616,65.8893,66.6921,1922706
2017-05-01,66.7761,67.2067,66.216,66.4681,1670932
2017-05-02,66.5614,66.6921,65.7306,66.048,2528622
2017-05-03,66.2627,66.4307,64.9371,65.1704,2182102
2017-05-04,65.1144,65.3525,64.3676,65.2171,1971596
2017-05-05,65.1415,66.1057,64.9902,65.9828,1888206
2017-05-08,66.1246,66.1369,65.236,65.9072,1813181
2017-05-09,65.9355,65.9922,64.9051,65.2549,1659882
2017-05-10,65.3872,66.3609,65.0847,66.1813,1498416
2017-05-11,65.9828,67.656,65.6425,67.5898,1856261
2017-05-12,67.7694,68.3461,67.5804,67.9207,2421054
2017-05-15,68.0625,68.6675,67.6938,67.7411,1496614
2017-05-16,67.864,68.0436,67.1739,67.6844,1395342
2017-05-17,67.7505,68.8944,67.552,68.3083,2539984
2017-05-18,68.365,69.1023,67.9679,68.9416,1942588
2017-05-19,69.2063,69.4332,68.4028,69.2347,1910919
2017-05-22,69.1968,69.5466,68.8896,69.3859,1664714
2017-05-23,69.5088,69.8869,69.2158,69.2441,1647723
2017-05-24,69.4048,69.8491,69.3859,69.5088,1124378
2017-05-25,69.5561,69.7168,69.1118,69.159,1248940
2017-05-26,69.3197,69.4615,68.4122,68.5635,1381528
2017-05-30,68.5351,68.9794,68.3839,68.5351,1245206
2017-05-31,68.5446,68.9794,68.4298,68.5729,2493414
2017-06-01,68.4217,69.0267,67.864,68.97,1495177
2017-06-02,69.3292,70.0382,69.2347,69.7546,1484159
2017-06-05,69.5466,69.6222,69.0834,69.4521,874212
2017-06-06,69.5844,69.6222,68.97,69.0361,884553
2017-06-07,69.0361,69.367,68.8754,69.1779,1341027
2017-06-08,69.1685,69.3386,68.1617,68.9133,1110845
2017-06-09,68.8565,69.5372,68.4501,69.4332,1231599
2017-06-12,69.4426,70.1044,69.0645,69.9909,2035312
2017-06-13,69.9153,70.2745,69.6411,70.0854,1555454
2017-06-14,70.8417,71.4561,70.1073,70.369,2332086
2017-06-15,70.0949,71.0969,70.0004,70.5865,1722003
2017-06-16,70.7283,71.9099,70.6148,71.4656,3944156
2017-06-19,71.5318,72.0801,71.3238,72.0801,2035202
2017-06-20,72.1273,73.0065,71.8626,72.7134,2215080
2017-06-21,72.7323,72.9781,72.3447,72.9308,1762946
2017-06-22,72.8269,73.4508,72.496,73.2522,1638848
2017-06-23,73.0915,73.8951,72.9025,73.1955,2210166
2017-06-26,73.4224,73.7343,72.9497,73.4129,1107704
2017-06-27,73.1861,73.5358,72.184,72.3164,1476808
2017-06-28,72.3353,72.997,71.8815,72.3447,1367135
2017-06-29,71.995,72.1557,70.3879,70.4258,2109900
2017-06-30,70.7377,71.2576,70.369,70.7566,1903072
2017-07-03,71.0308,71.7586,70.6526,71.6168,934921
2017-07-05,71.6452,71.6452,70.5676,70.9835,1350956
2017-07-06,70.6715,70.6715,69.0267,69.074,1490071
2017-07-07,69.1023,69.2441,68.2137,68.9133,1527232
2017-07-10,69.0456,69.1874,68.5257,68.5635,1118028
2017-07-11,68.6108,68.9133,68.1381,68.6391,984365
2017-07-12,69.1307,69.8869,69.1307,69.679,1020788
2017-07-13,69.5183,69.6317,69.1118,69.2914,956381
2017-07-14,69.8491,70.0476,69.5135,69.7168,1087680
2017-07-17,69.6884,70.1327,69.4899,69.8113,1286279
2017-07-18,69.8775,70.2556,69.6128,70.0004,1255728
2017-07-19,69.9626,70.2083,69.5466,70.076,1190693
2017-07-20,70.2556,70.4163,69.6506,69.6695,1327060
2017-07-21,69.6411,70.1327,69.2914,69.8869,1227350
2017-07-24,69.9153,70.0278,68.8187,69.1496,1855047
2017-07-25,69.3008,69.3386,68.3366,69.0172,1623925
2017-07-26,69.0456,69.5561,68.6864,69.2819,1007731
2017-07-27,69.0078,69.4332,68.2515,68.8093,1396760
2017-07-28,70.3312,70.3312,68.5068,69.074,1365187
2017-07-31,69.2063,69.5844,68.4406,69.3765,2128558
2017-08-01,69.0741,69.1984,68.5766,68.7201,1361389
2017-08-02,68.1759,68.4869,67.9019,68.469,1455975
2017-08-03,68.469,69.1779,67.9585,69.0645,1632550
2017-08-04,69.0741,69.1984,68.5766,68.7201,1361389
2017-08-07,68.7201,69.1984,68.2896,68.8062,1253081
2017-08-08,68.634,69.0549,68.3852,68.8253,1535993
2017-08-09,68.8827,69.0741,68.092,68.1556,1222351
2017-08-10,68.1269,68.4331,67.4668,67.5433,1486133
2017-08-11,67.8208,67.8208,66.8258,67.352,1346528
2017-08-14,67.572,68.8636,67.4477,68.6436,1605665
2017-08-15,68.4618,68.4618,67.7538,68.1556,1590694
2017-08-16,68.3565,69.2463,68.2035,68.8827,1661414
2017-08-17,68.6244,69.1219,68.0217,68.0217,1368474
2017-08-18,68.1269,68.1939,67.5051,67.5912,1403730
2017-08-21,67.706,69.0262,67.5146,68.8636,1378290
2017-08-22,68.8636,68.9593,67.6916,67.8591,1176650
2017-08-23,67.8304,68.6914,67.6934,68.4809,930152
2017-08-24,68.4139,68.8636,68.2226,68.3183,1510262
2017-08-25,68.6818,69.2176,68.5479,68.8062,1300762
2017-08-28,68.8923,68.9784,68.0217,68.1556,931688
2017-08-29,68.3948,69.1028,68.2896,68.8158,1509339
2017-08-30,68.701,69.562,68.6914,69.3707,2275484
2017-08-31,69.6577,70.2317,69.4759,70.0499,2598013
2017-09-01,70.0595,70.5857,70.0212,70.4804,1731227
2017-09-05,70.6622,71.1788,70.4517,70.8535,2400387
2017-09-06,71.0162,71.3989,70.2795,70.4804,2253689
2017-09-07,70.6239,71.0066,70.3034,70.7866,1085289
2017-09-08,70.71,71.5711,70.5665,71.4371,1451063
2017-09-11,71.3415,72.1642,71.131,72.0973,1722360
2017-09-12,71.992,72.3077,70.8248,71.1214,1424196
2017-09-13,71.0449,71.2554,70.6239,70.8918,1490067
2017-09-14,70.8057,71.2267,70.3178,71.2267,1651481
2017-09-15,71.0449,71.3893,70.423,71.3415,2809981
2017-09-18,71.2936,71.4754,70.7483,71.0927,1430737
2017-09-19,71.1788,71.3989,70.0977,70.2508,1681232
2017-09-20,70.5187,70.6718,69.7438,70.0308,2130237
2017-09-21,70.0212,70.2221,69.0454,69.0741,1566082
2017-09-22,69.1984,69.2558,67.7347,67.8878,1853118
2017-09-25,68.0121,68.4139,67.8591,68.2226,1513053
2017-09-26,68.1556,68.7871,67.6199,68.701,2813087
2017-09-27,68.1652,68.5575,66.7493,66.8832,2379656
2017-09-28,66.7875,67.5433,66.7493,67.5242,1152319
2017-09-29,67.3137,67.8878,66.9311,67.2372,2062014
2017-10-02,67.8017,67.8017,66.4814,66.5388,1777730
2017-10-03,66.5866,67.1607,66.2135,66.4336,1546643
2017-10-04,65.9935,65.9935,65.0559,65.6586,3287058
2017-10-05,65.9074,66.1848,65.4482,65.5534,2052764
2017-10-06,65.3429,65.429,64.5393,65.3908,2905085
2017-10-09,65.4386,65.8404,65.2281,65.2951,1268452
2017-10-10,65.4673,65.7447,64.6828,65.0655,2688915
2017-10-11,65.0272,65.3429,64.8032,64.9985,1988386
2017-10-12,64.9028,65.0655,64.1853,65.0655,1382299
2017-10-13,65.3908,65.5917,64.9028,65.2473,1923865
2017-10-16,65.2951,65.4673,64.8263,65.1229,1274921
2017-10-17,64.8167,65.3334,64.7019,65.2377,1273403
2017-10-18,65.2377,65.5438,64.8933,65.3525,1269118
2017-10-19,65.3621,65.6778,65.0368,65.2281,1221083
2017-10-20,65.2568,65.2568,64.8167,65.2186,1529958
2017-10-23,65.3908,65.429,64.4532,64.568,1339284
2017-10-24,64.5967,64.7115,63.6783,63.9557,1657556
2017-10-25,63.4965,63.8696,62.5685,63.3482,1335595
2017-10-26,63.7739,63.9653,62.7885,62.9129,1133938
2017-10-27,62.8746,64.8837,62.8555,64.2523,1930263
2017-10-30,64.2427,64.5106,63.9079,64.3001,1276506
2017-10-31,64.2044,64.3193,63.3147,64.0609,1384809
2017-11-01,64.0992,64.5106,63.7835,64.1183,1192817
2017-11-02,64.348,65.143,64.2714,64.788,1883989
2017-11-03,64.5106,65.2951,64.3958,65.1994,1396492
2017-11-06,65.5967,65.9165,65.306,65.8972,2125987
2017-11-07,66.9341,67.6415,66.1879,66.4689,2737986
2017-11-08,66.4301,67.0504,66.091,66.624,2142685
2017-11-09,66.3817,66.7451,65.9165,66.1685,1452268
2017-11-10,65.8972,66.4108,65.8972,66.0134,1400065
2017-11-13,66.091,66.4301,65.839,66.2073,2534665
2017-11-14,66.0134,66.6143,65.8002,65.9844,1378026
2017-11-15,66.0038,66.3042,65.6258,65.6452,2358850
2017-11-16,65.6452,66.2363,65.5289,65.839,1784833
2017-11-17,65.6937,66.0522,65.6937,65.8584,1358873
2017-11-20,65.9747,66.0425,65.3157,65.8293,1297939
2017-11-21,65.9359,66.5077,65.8972,66.1782,2183028
2017-11-22,65.9844,66.3298,65.8681,66.0619,1264345
2017-11-24,66.2945,66.4786,66.0328,66.1491,462210
2017-11-27,66.0813,66.1588,65.3739,65.3835,1209887
2017-11-28,65.4126,65.5241,64.5792,65.0444,1586123
2017-11-29,64.9475,65.3835,64.6374,65.1994,1593014
2017-11-30,65.713,65.7809,64.8796,65.3739,2523857
2017-12-01,65.6161,66.1104,65.0347,65.8584,2051724
2017-12-04,65.9844,66.1007,64.7052,65.0541,2467125
2017-12-05,64.9184,65.1703,63.9299,64.0753,2672598
2017-12-06,64.0753,64.6083,63.7167,64.24,2226394
2017-12-07,64.24,64.9281,63.9493,64.1431,2548810
2017-12-08,64.24,64.5695,64.085,64.2691,2018184
2017-12-11,64.2303,64.2497,63.6586,63.8815,2106824
2017-12-12,63.9299,64.3951,63.5568,64.0753,2458774
2017-12-13,64.2885,64.8021,64.211,64.3563,2331169
2017-12-14,64.2352,64.5695,64.0365,64.24,1906611
2017-12-15,64.5695,65.1703,64.3369,64.8699,4753461
2017-12-18,65.1897,65.6994,64.9959,65.2576,1622739
2017-12-19,64.9475,65.1607,62.1275,62.486,4094343
2017-12-20,62.486,63.1062,61.6817,61.6914,2182182
2017-12-21,61.5896,61.9918,61.3037,61.5169,1871878
2017-12-22,61.5751,61.8949,61.3231,61.4394,1586192
2017-12-26,61.391,62.0984,61.1971,61.5266,1811649
2017-12-27,61.7398,61.7786,61.1649,61.3134,1565407
2017-12-28,61.3231,61.7689,61.1099,61.7495,1276879
2017-12-29,61.7301,62.3038,61.546,61.798,1378489
2018-01-02,61.9336,62.5054,61.7011,62.0499,1997332
2018-01-03,62.3116,62.6798,61.9724,62.1565,1832568
2018-01-04,62.1275,62.1614,60.7901,60.8192,1993539
2018-01-05,60.8967,61.0324,60.2862,60.4413,2003337
2018-01-08,60.4703,60.8967,60.4025,60.6545,1623238
2018-01-09,60.5672,60.6835,59.4043,59.4722,2032819
2018-01-10,59.1912,59.3074,58.8229,58.8326,3072933
2018-01-11,59.1524,59.5303,58.2802,58.3093,2414321
2018-01-12,58.445,58.445,57.1561,57.3305,2686579
2018-01-16,57.4662,58.8423,57.3693,57.4274,3145457
2018-01-17,57.7375,58.3287,57.1852,58.2511,4695959
2018-01-18,58.0476,58.0476,57.1367,57.4565,3496432
2018-01-19,57.4565,57.4865,56.439,57.4565,3011607
2018-01-22,57.4274,57.8635,57.1852,57.4953,2818632
2018-01-23,57.8248,58.6388,57.4468,58.4547,2759326
2018-01-24,58.4062,59.0555,58.2851,58.6679,2368096
2018-01-25,58.6582,59.0264,58.5419,58.9586,2134411
2018-01-26,59.0846,59.1039,58.2318,58.7163,2206412
2018-01-29,58.2899,58.3674,57.1658,57.6794,2085468
2018-01-30,57.6019,58.038,56.72,56.72,2444672
2018-01-31,56.8363,58.1542,56.7878,58.1155,4265585
2018-02-01,58.1446,58.4256,56.1483,56.2452,2609300
2018-02-02,55.7897,57.001,55.1307,56.6425,2827526
2018-02-05,56.565,57.0398,54.6656,54.7819,3525137
2018-02-06,54.181,55.5086,53.5802,55.4408,3943257
2018-02-07,55.3439,56.3033,54.6849,54.8012,3239714
2018-02-08,54.6171,55.4408,52.9697,52.9794,3956558
2018-02-09,52.9406,54.2682,52.0006,53.7643,4303878
2018-02-12,53.9809,54.1187,52.1792,53.4296,4115633
2018-02-13,53.5182,54.4633,52.7995,54.227,3839238
2018-02-14,53.6954,53.8726,52.6026,53.3114,3249046
2018-02-15,53.528,54.7193,53.3607,54.3156,2908528
2018-02-16,54.4436,55.566,54.3965,54.926,4051061
2018-02-20,54.6504,55.2312,53.9415,53.9514,2639184
2018-02-21,54.0498,54.1975,53.0161,53.1539,3418186
2018-02-22,52.9865,54.2073,52.2915,52.9078,3324197
2018-02-23,53.0752,53.5674,52.2383,53.5674,2661175
2018-02-26,53.7643,53.8234,52.5927,53.5576,2582871
2018-02-27,53.5083,53.8628,51.4113,51.4113,3190327
2018-02-28,54.0498,54.0498,51.0471,51.687,3342649
2018-03-01,51.244,52.6107,50.8305,51.8347,2684605
2018-03-02,51.6673,52.1891,51.2932,52.1103,2385856
2018-03-05,51.8347,53.3705,51.8347,53.2327,3113707
2018-03-06,52.7995,53.085,51.4704,52.0414,3070529
2018-03-07,51.9626,53.2327,51.8347,53.1342,2579971
2018-03-08,53.0948,53.2524,52.514,52.7404,2214950
2018-03-09,52.8782,52.8782,52.2383,52.7306,2122424
2018-03-12,52.6813,53.9711,52.4746,53.8825,3202481
2018-03-13,54.2763,54.3846,52.8192,52.9275,2994542
2018-03-14,52.957,53.2721,52.296,52.701,1845711
2018-03-15,52.8093,53.1145,52.6715,52.9176,2170371
2018-03-16,52.7896,53.341,52.5632,53.1638,3609632
2018-03-19,53.0456,53.2524,52.0168,52.4254,1832786
2018-03-20,52.4648,53.0062,52.1694,52.3269,2306800
2018-03-21,52.1202,52.3761,51.0667,51.6378,3058221
2018-03-22,51.6082,53.3113,51.5196,51.9331,2715279
2018-03-23,52.0316,52.2383,51.0667,51.2243,2434425
2018-03-26,51.5688,51.687,51.0963,51.3326,1662793
2018-03-27,51.3326,53.1145,50.9191,52.4549,2099491
2018-03-28,52.6321,54.5618,52.5829,54.0104,3770609
2018-03-29,54.0006,54.0104,53.1933,53.5871,2897364
2018-04-02,53.528,53.6954,52.8143,53.1342,2311956
2018-04-03,53.3213,53.3213,51.9823,52.9176,2906410
2018-04-04,52.7404,54.6538,52.5632,54.3058,2637255
2018-04-05,54.1581,54.1581,53.0752,53.8825,2565736
2018-04-06,54.1187,55.0048,53.8726,54.1581,2814139
2018-04-09,54.1581,54.1581,53.1245,53.6462,2129041
2018-04-10,53.7742,53.8628,53.0456,53.1638,2183477
2018-04-11,52.8782,54.0104,52.8782,53.1539,1658866
2018-04-12,53.1145,53.1145,51.4605,51.7264,3191925
2018-04-13,51.5393,51.815,51.0126,51.815,2014691
2018-04-16,51.8445,51.9528,51.1258,51.7264,2629425
2018-04-17,51.9331,52.829,51.7559,52.5534,2345931
2018-04-18,52.573,52.7503,51.8839,52.0217,1587587
2018-04-19,51.8937,52.1792,50.476,51.116,2066668
2018-04-20,51.2833,51.4605,50.2988,50.3874,2146407
2018-04-23,50.3185,50.4465,49.59,49.8952,2071871
2018-04-24,49.9641,50.7714,49.3537,50.2299,2514839
2018-04-25,49.9641,50.2299,48.8122,49.7376,2709182
2018-04-26,49.8755,50.2644,48.8319,49.2355,4997202
2018-04-27,50.1511,52.4057,49.5211,52.0611,4565616
2018-04-30,52.2285,52.6813,51.559,52.6124,3894748
2018-05-01,52.7306,54.4732,52.5337,54.0104,4965920
2018-05-02,53.7643,54.3649,52.77,54.1975,4050303
2018-05-03,54.2861,55.1279,53.8726,54.6307,2365231
2018-05-04,54.5618,55.4084,54.5421,55.31,2354535
2018-05-07,55.38,55.76,55.1,55.71,2491642
2018-05-08,55.5,55.52,54.81,55.14,2927662
2018-05-09,54.87,55.46,54.58,55.38,2091868
2018-05-10,55.66,56.14,55.56,56.14,1371938
2018-05-11,56.2,56.5,55.77,56.25,1725807
2018-05-14,56.03,56.07,55.15,55.51,1805642
2018-05-15,55.1,55.5,54.64,54.84,2834153
2018-05-16,55.1,55.25,54.58,54.84,2141594
2018-05-17,54.82,54.82,53.775,53.93,1836833
2018-05-18,53.53,54.77,53.53,54.27,4423643
2018-05-21,54.88,55.465,53.76,55.18,1862333
2018-05-22,55.18,56.06,54.55,55.68,2055605
2018-05-23,55.91,56.97,55.845,56.78,2562850
2018-05-24,56.81,56.9,55.82,56.25,1737042
2018-05-25,56.11,56.9,56.11,56.87,1460251
2018-05-29,56.8,57.31,56.49,57.03,1988938
2018-05-30,56.88,57.8,56.49,57.54,1613971
2018-05-31,57.38,57.74,57.18,57.65,2165625
2018-06-01,57.54,58.42,57.54,58.02,1473508
2018-06-04,58.16,58.33,57.32,57.77,1640986
2018-06-05,57.98,58.195,57.39,57.41,2038162
2018-06-06,57.5,57.81,56.86,57.53,1377386
2018-06-07,57.52,57.95,57.15,57.59,1603524
2018-06-08,57.78,58.06,57.51,57.99,977826
2018-06-11,58.0,58.4,57.675,58.3,1308421
2018-06-12,58.01,58.6,57.91,58.31,2353726
2018-06-13,58.25,58.64,56.8,56.83,2362541
2018-06-14,57.0,57.94,57.0,57.64,1636357
2018-06-15,57.75,58.06,57.4,57.5,2888003
2018-06-18,57.4,57.76,56.6,57.0,1372073
2018-06-19,56.95,57.92,56.905,57.21,1861087
2018-06-20,57.14,58.5,57.03,58.38,1403529
2018-06-21,58.48,58.98,58.03,58.8,1576746
2018-06-22,58.8,59.21,58.38,59.05,2089092
2018-06-25,59.07,59.59,58.331,59.3,1716504
2018-06-26,59.58,59.89,59.25,59.44,2174470
2018-06-27,59.67,60.21,59.25,59.91,1751490
2018-06-28,60.02,63.45,59.56,62.36,3803737
2018-06-29,62.05,63.02,61.73,62.69,2995434
2018-07-02,62.51,62.87,61.12,62.08,2630593
2018-07-03,61.67,63.73,61.64,62.9,1328804
2018-07-05,62.8,63.93,62.12,63.83,1984301
2018-07-06,63.93,64.46,63.8401,64.4,2047483
2018-07-09,64.37,64.42,62.69,63.22,1876761
2018-07-10,63.32,63.65,62.92,63.25,1723664
2018-07-11,63.27,63.569,62.8495,63.09,1132500
2018-07-12,63.28,63.38,62.84,63.16,879129
2018-07-13,63.38,63.52,62.4,62.68,1172430
2018-07-16,62.61,62.82,61.7355,62.59,1465028
2018-07-17,62.88,62.9,62.01,62.14,1640097
2018-07-18,62.04,62.38,61.32,61.8,1199360
2018-07-19,61.75,63.01,61.59,62.77,1405934
2018-07-20,62.8,63.59,62.41,63.49,2424806
2018-07-23,63.39,64.0,63.1,63.73,3333312
2018-07-24,63.65,63.65,62.46,63.24,3362391
2018-07-25,63.42,64.42,63.295,63.97,1619673
2018-07-26,64.16,64.557,63.74,64.31,1815641
2018-07-27,62.27,64.13,61.12,61.81,3390178
2018-07-30,61.78,61.8,60.744,61.7,2137647
2018-07-31,61.99,62.99,61.82,62.6,3830279
